applicant_id,income,credit_score,group,approved
0,61397,666,A,1
1,62217,736,B,0
2,61810,560,A,1
3,73307,658,B,1
4,59576,689,A,1
5,70807,773,B,1
6,81415,688,A,1
7,46541,598,B,0
8,71158,784,A,1
9,66041,671,B,0
10,78294,563,A,1
11,57193,719,B,0
12,86835,660,A,1
13,74414,699,B,1
14,84558,590,A,1
15,79206,558,B,0
16,15000,631,A,0
17,42104,750,B,0
18,81606,582,A,1
19,86184,599,B,1
20,62843,656,A,1
21,67860,745,B,1
22,80960,707,A,1
23,81248,718,B,1
24,49325,622,A,1
25,53250,719,B,0
26,58747,850,A,1
27,44517,592,B,0
28,84211,793,A,1
29,77642,746,B,1
30,100658,672,A,1
31,29426,637,B,0
32,88822,564,A,1
33,65838,700,B,0
34,57110,737,A,1
35,79519,850,B,1
36,80499,631,A,1
37,50955,613,B,0
38,88806,634,A,1
39,63243,739,B,1
40,46913,656,A,1
41,18967,593,B,0
42,50806,713,A,1
43,94837,678,B,1
44,71534,693,A,1
45,92118,751,B,1
46,71842,599,A,1
47,87584,710,B,1
48,95673,677,A,1
49,113827,651,B,1
50,104826,689,A,1
51,52093,589,B,0
52,61224,793,A,1
53,85409,735,B,1
54,15000,736,A,0
55,78896,636,B,1
56,49315,679,A,1
57,108121,595,B,1
58,54304,788,A,1
59,53846,650,B,0
60,67444,580,A,1
61,70498,583,B,0
62,87129,680,A,1
63,122085,702,B,1
64,99142,575,A,1
65,61946,705,B,0
66,108643,545,A,1
67,89765,727,B,1
68,103338,736,A,1
69,66301,638,B,0
70,33795,695,A,1
71,60207,841,B,1
72,49724,705,A,1
73,25774,648,B,0
74,71528,745,A,1
75,101202,676,B,1
76,37068,716,A,1
77,77924,719,B,1
78,47492,770,A,1
79,67197,735,B,1
80,96851,728,A,1
81,72162,850,B,1
82,71092,656,A,1
83,67799,798,B,1
84,67967,721,A,1
85,94893,638,B,1
86,21835,703,A,0
87,70743,631,B,0
88,86777,728,A,1
89,40125,721,B,0
90,60097,561,A,1
91,76323,676,B,1
92,46367,721,A,1
93,77202,633,B,1
94,75008,761,A,1
95,47183,710,B,0
96,65068,850,A,1
97,18442,735,B,0
98,57343,671,A,1
99,112539,679,B,1
100,121023,644,A,1
101,73762,640,B,0
102,47732,684,A,1
103,57935,696,B,0
104,15000,840,A,1
105,60825,819,B,1
106,39822,703,A,1
107,144123,610,B,1
108,27617,636,A,0
109,76812,735,B,1
110,97259,659,A,1
111,24943,645,B,0
112,96005,717,A,1
113,16076,677,B,0
114,99954,850,A,1
115,79042,704,B,1
116,33994,612,A,0
117,66172,720,B,1
118,79504,641,A,1
119,36201,617,B,0
120,36075,731,A,1
121,15000,653,B,0
122,76246,801,A,1
123,66782,760,B,1
124,55024,620,A,1
125,48140,802,B,0
126,89855,718,A,1
127,148256,677,B,1
128,80508,704,A,1
129,59452,850,B,1
130,102665,568,A,1
131,55003,714,B,0
132,84579,572,A,1
133,15000,527,B,0
134,63222,671,A,1
135,73630,618,B,0
136,34394,518,A,0
137,73229,709,B,1
138,89824,743,A,1
139,60232,787,B,1
140,61590,627,A,1
141,51985,633,B,0
142,15000,692,A,0
143,71247,651,B,0
144,47153,709,A,1
145,107921,683,B,1
146,52309,632,A,1
147,63256,578,B,0
148,61868,684,A,1
149,111116,755,B,1
150,90850,622,A,1
151,81748,588,B,1
152,72799,713,A,1
153,45839,839,B,0
154,79184,527,A,1
155,78821,647,B,1
156,65034,717,A,1
157,74763,516,B,0
158,36042,741,A,1
159,97530,832,B,1
160,110079,515,A,1
161,84237,526,B,0
162,105340,700,A,1
163,36470,840,B,0
164,81099,528,A,1
165,72336,621,B,0
166,67782,642,A,1
167,99337,566,B,1
168,72935,825,A,1
169,44325,696,B,0
170,70050,624,A,1
171,81197,687,B,1
172,41405,820,A,1
173,84790,666,B,1
174,49083,617,A,1
175,95773,668,B,1
176,76485,665,A,1
177,80410,670,B,1
178,84096,665,A,1
179,85739,733,B,1
180,62084,611,A,1
181,41497,620,B,0
182,40387,749,A,1
183,63834,805,B,1
184,121983,681,A,1
185,26299,649,B,0
186,63116,560,A,1
187,58737,702,B,0
188,53514,618,A,1
189,46031,822,B,0
190,61008,613,A,1
191,55677,756,B,0
192,47882,718,A,1
193,83197,739,B,1
194,99992,635,A,1
195,93318,616,B,1
196,55086,775,A,1
197,85559,680,B,1
198,35214,724,A,1
199,49240,606,B,0
200,48796,699,A,1
201,15000,708,B,0
202,69347,633,A,1
203,90923,728,B,1
204,49842,626,A,1
205,82378,558,B,0
206,56684,629,A,1
207,66746,696,B,0
208,65919,770,A,1
209,70701,654,B,0
210,34728,737,A,1
211,78203,796,B,1
212,46313,682,A,1
213,63532,672,B,0
214,65259,542,A,1
215,85624,732,B,1
216,93261,850,A,1
217,57025,677,B,0
218,65244,835,A,1
219,21719,718,B,0
220,28229,473,A,0
221,15000,569,B,0
222,91725,610,A,1
223,59313,586,B,0
224,80273,591,A,1
225,97941,600,B,1
226,45879,689,A,1
227,65617,793,B,1
228,68010,583,A,1
229,50991,634,B,0
230,83126,710,A,1
231,62015,749,B,1
232,51787,669,A,1
233,69519,802,B,1
234,62536,651,A,1
235,38854,734,B,0
236,50308,707,A,1
237,17459,763,B,0
238,31701,617,A,0
239,91464,573,B,1
240,63013,685,A,1
241,40036,787,B,0
242,102469,522,A,1
243,28775,744,B,0
244,32424,648,A,0
245,68238,735,B,1
246,59418,687,A,1
247,45581,783,B,0
248,52617,707,A,1
249,52209,688,B,0
250,60795,667,A,1
251,39655,743,B,0
252,100351,699,A,1
253,83308,747,B,1
254,88199,704,A,1
255,70306,749,B,1
256,66720,602,A,1
257,65596,528,B,0
258,64852,713,A,1
259,95899,692,B,1
260,88203,679,A,1
261,39413,567,B,0
262,40756,570,A,0
263,80842,663,B,1
264,79257,685,A,1
265,91101,764,B,1
266,48866,658,A,1
267,51679,550,B,0
268,81880,775,A,1
269,64839,640,B,0
270,92272,492,A,1
271,69436,691,B,1
272,50728,791,A,1
273,89268,659,B,1
274,62832,648,A,1
275,52197,575,B,0
276,99498,762,A,1
277,84954,592,B,1
278,117021,838,A,1
279,69701,607,B,0
280,43339,713,A,1
281,42174,677,B,0
282,92216,559,A,1
283,115143,805,B,1
284,34072,566,A,0
285,57914,597,B,0
286,58406,473,A,1
287,59282,824,B,1
288,37085,658,A,1
289,27759,731,B,0
290,59367,835,A,1
291,70170,650,B,0
292,78756,639,A,1
293,31517,704,B,0
294,60628,693,A,1
295,74386,639,B,0
296,75539,819,A,1
297,37305,818,B,0
298,58929,618,A,1
299,125680,692,B,1
300,99260,745,A,1
301,22985,689,B,0
302,51867,572,A,1
303,20707,688,B,0
304,79756,711,A,1
305,57354,616,B,0
306,40328,635,A,1
307,39173,663,B,0
308,64427,608,A,1
309,59198,619,B,0
310,64888,720,A,1
311,69453,717,B,1
312,23699,649,A,0
313,71918,731,B,1
314,25049,692,A,0
315,95160,665,B,1
316,62631,716,A,1
317,71177,733,B,1
318,66810,692,A,1
319,45438,666,B,0
320,96328,663,A,1
321,60785,640,B,0
322,84679,611,A,1
323,87762,605,B,1
324,38555,696,A,1
325,68254,703,B,1
326,91563,647,A,1
327,76074,607,B,0
328,96479,730,A,1
329,78412,695,B,1
330,45360,653,A,1
331,77544,678,B,1
332,68093,571,A,1
333,69527,624,B,0
334,37916,667,A,1
335,18587,735,B,0
336,86300,675,A,1
337,40155,604,B,0
338,61221,486,A,1
339,69511,733,B,1
340,57202,640,A,1
341,69549,708,B,1
342,92353,681,A,1
343,47756,643,B,0
344,69548,804,A,1
345,56993,595,B,0
346,43247,512,A,0
347,73244,571,B,0
348,34162,521,A,0
349,37050,725,B,0
350,32216,540,A,0
351,69456,652,B,0
352,75804,739,A,1
353,64787,576,B,0
354,61905,720,A,1
355,50425,565,B,0
356,92565,646,A,1
357,54769,681,B,0
358,90761,701,A,1
359,56669,734,B,0
360,118675,791,A,1
361,81821,590,B,1
362,158801,584,A,1
363,55704,624,B,0
364,105672,713,A,1
365,29321,701,B,0
366,78672,654,A,1
367,34495,621,B,0
368,54078,681,A,1
369,52002,738,B,0
370,41251,541,A,0
371,46515,787,B,0
372,50671,850,A,1
373,77287,586,B,0
374,44142,699,A,1
375,35558,850,B,0
376,40227,734,A,1
377,101503,671,B,1
378,40103,658,A,1
379,74055,750,B,1
380,66417,567,A,1
381,66058,626,B,0
382,15000,624,A,0
383,29188,726,B,0
384,113604,828,A,1
385,50669,642,B,0
386,82219,764,A,1
387,54531,668,B,0
388,120173,671,A,1
389,52866,689,B,0
390,79492,598,A,1
391,58789,586,B,0
392,58043,830,A,1
393,83543,672,B,1
394,41672,655,A,1
395,91268,635,B,1
396,101260,570,A,1
397,57748,819,B,1
398,15000,775,A,0
399,18715,672,B,0
400,60686,745,A,1
401,15000,526,B,0
402,50849,682,A,1
403,42669,662,B,0
404,35345,647,A,1
405,43830,699,B,0
406,79535,794,A,1
407,48589,654,B,0
408,66193,656,A,1
409,63700,555,B,0
410,74293,606,A,1
411,41075,552,B,0
412,94025,668,A,1
413,93737,701,B,1
414,22415,593,A,0
415,83948,618,B,1
416,37741,665,A,1
417,60575,599,B,0
418,56846,641,A,1
419,15000,720,B,0
420,44715,784,A,1
421,36246,553,B,0
422,94690,553,A,1
423,49095,727,B,0
424,56758,547,A,1
425,69700,664,B,0
426,97096,727,A,1
427,140892,548,B,1
428,64458,594,A,1
429,93868,745,B,1
430,83850,617,A,1
431,46371,517,B,0
432,107737,720,A,1
433,58478,754,B,0
434,83772,758,A,1
435,24411,622,B,0
436,69886,708,A,1
437,88930,599,B,1
438,68180,850,A,1
439,82298,749,B,1
440,64520,741,A,1
441,110099,688,B,1
442,95599,609,A,1
443,79752,752,B,1
444,46199,767,A,1
445,48118,615,B,0
446,64970,834,A,1
447,72728,754,B,1
448,46705,686,A,1
449,35586,634,B,0
450,85891,676,A,1
451,101282,663,B,1
452,60051,782,A,1
453,48784,558,B,0
454,97531,713,A,1
455,15000,683,B,0
456,54905,819,A,1
457,46775,633,B,0
458,42239,595,A,1
459,47487,565,B,0
460,39220,551,A,0
461,27568,555,B,0
462,51971,625,A,1
463,34338,718,B,0
464,63798,645,A,1
465,53400,807,B,0
466,70995,718,A,1
467,15000,627,B,0
468,15000,645,A,0
469,74332,626,B,0
470,77965,598,A,1
471,79395,555,B,0
472,58457,713,A,1
473,78398,669,B,1
474,113492,646,A,1
475,53725,459,B,0
476,109223,650,A,1
477,35599,785,B,0
478,95887,688,A,1
479,29126,713,B,0
480,49465,586,A,1
481,91084,509,B,1
482,79179,716,A,1
483,116275,706,B,1
484,15000,613,A,0
485,66616,708,B,0
486,89520,523,A,1
487,56751,757,B,0
488,103599,828,A,1
489,55244,767,B,0
490,107792,775,A,1
491,83092,746,B,1
492,45252,564,A,1
493,89571,652,B,1
494,64296,633,A,1
495,55177,698,B,0
496,39453,685,A,1
497,71151,673,B,1
498,46409,742,A,1
499,111815,631,B,1
